{"@module": "cgcnn.material", "@class": "Material", "@version": null, "formula": "MgO", "structure": {"@module": "pymatgen.core.structure", "@class": "Structure", "charge": 0, "lattice": {"matrix": [[0.0, 2.1048472994632053, 2.1048472994632053], [2.1048472994632053, 0.0, 2.1048472994632053], [2.1048472994632053, 2.1048472994632053, 0.0]], "pbc": [true, true, true], "a": 2.976703597625248, "b": 2.976703597625248, "c": 2.976703597625248, "alpha": 59.99999999999999, "beta": 59.99999999999999, "gamma": 59.99999999999999, "volume": 18.650555825116015}, "properties": {}, "sites": [{"species": [{"element": "Mg", "occu": 1}], "abc": [0.0, 0.0, 0.0], "properties": {}, "label": "Mg", "xyz": [0.0, 0.0, 0.0]}, {"species": [{"element": "O", "occu": 1}], "abc": [0.5, 0.5, 0.5], "properties": {}, "label": "O", "xyz": [2.1048472994632053, 2.1048472994632053, 2.1048472994632053]}]}, "target_site_names": ["O1", "O1", "O1"], "target_site_indices": [1, 1, 1], "target_vals": [7.610649820000001, 2.785754197893548, -0.9723761725987633], "charges": [0, 1, 2]}