{"@module": "cgcnn.material", "@class": "Material", "@version": null, "formula": "SrO", "structure": {"@module": "pymatgen.core.structure", "@class": "Structure", "charge": 0, "lattice": {"matrix": [[0.0, 2.5669509994869424, 2.5669509994869424], [2.5669509994869424, 0.0, 2.5669509994869424], [2.5669509994869424, 2.5669509994869424, 0.0]], "pbc": [true, true, true], "a": 3.6302169174216057, "b": 3.6302169174216057, "c": 3.6302169174216057, "alpha": 59.99999999999999, "beta": 59.99999999999999, "gamma": 59.99999999999999, "volume": 33.828499232930014}, "properties": {}, "sites": [{"species": [{"element": "Sr", "occu": 1}], "abc": [0.5, 0.5, 0.5], "properties": {}, "label": "Sr", "xyz": [2.5669509994869424, 2.5669509994869424, 2.5669509994869424]}, {"species": [{"element": "O", "occu": 1}], "abc": [0.0, 0.0, 0.0], "properties": {}, "label": "O", "xyz": [0.0, 0.0, 0.0]}]}, "target_site_names": ["O1"], "target_site_indices": [1], "target_vals": [-2.1782000000000012], "charges": [0]}