{"@module": "cgcnn.material", "@class": "Material", "@version": null, "formula": "BaO", "structure": {"@module": "pymatgen.core.structure", "@class": "Structure", "charge": 0, "lattice": {"matrix": [[0.0, 2.7667188606625017, 2.7667188606625017], [2.7667188606625017, 0.0, 2.7667188606625017], [2.7667188606625017, 2.7667188606625017, 0.0]], "pbc": [true, true, true], "a": 3.9127313360223472, "b": 3.9127313360223472, "c": 3.9127313360223472, "alpha": 59.99999999999999, "beta": 59.99999999999999, "gamma": 59.99999999999999, "volume": 42.35698973406353}, "properties": {}, "sites": [{"species": [{"element": "Ba", "occu": 1}], "abc": [0.0, 0.0, 0.0], "properties": {}, "label": "Ba", "xyz": [0.0, 0.0, 0.0]}, {"species": [{"element": "O", "occu": 1}], "abc": [0.5, 0.5, 0.5], "properties": {}, "label": "O", "xyz": [2.7667188606625017, 2.7667188606625017, 2.7667188606625017]}]}, "target_site_names": ["O1", "O1"], "target_site_indices": [1, 1], "target_vals": [4.308322994983371, 2.9252624358033597], "charges": [1, 2]}