{"@module": "cgcnn.material", "@class": "Material", "@version": null, "formula": "CaO", "structure": {"@module": "pymatgen.core.structure", "@class": "Structure", "charge": 0, "lattice": {"matrix": [[0.0, 2.3831205689236272, 2.3831205689236272], [2.3831205689236272, 0.0, 2.3831205689236272], [2.3831205689236272, 2.3831205689236272, 0.0]], "pbc": [true, true, true], "a": 3.3702414293420797, "b": 3.3702414293420797, "c": 3.3702414293420797, "alpha": 59.99999999999999, "beta": 59.99999999999999, "gamma": 59.99999999999999, "volume": 27.068740022373667}, "properties": {}, "sites": [{"species": [{"element": "Ca", "occu": 1}], "abc": [0.0, 0.0, 0.0], "properties": {}, "label": "Ca", "xyz": [0.0, 0.0, 0.0]}, {"species": [{"element": "O", "occu": 1}], "abc": [0.5, 0.5, 0.5], "properties": {}, "label": "O", "xyz": [2.3831205689236272, 2.3831205689236272, 2.3831205689236272]}]}, "target_site_names": ["O1", "O1", "O1"], "target_site_indices": [1, 1, 1], "target_vals": [7.691605040000022, 5.058042836377056, 3.9617531909655597], "charges": [0, 1, 2]}